Country Name,Country Code,1960 [YR1960],1964 [YR1964],1968 [YR1968],1972 [YR1972],1976 [YR1976],1980 [YR1980],1984 [YR1984],1988 [YR1988],1992 [YR1992],1994 [YR1994],1996 [YR1996],1998 [YR1998],2000 [YR2000],2002 [YR2002],2004 [YR2004],2006 [YR2006],2008 [YR2008],2010 [YR2010],2012 [YR2012],2014 [YR2014],2016 [YR2016],2018 [YR2018]
Afghanistan,AFG,537777811.10,800000044.40,1373333367.00,1595555476.00,2555555567.00,3641723322.00,..,..,..,..,..,..,..,4055176933.00,5226775163.00,6971286732.00,10109218068.00,15856574731.00,20001615789.00,20484873230.00,19362642267.00,19362969582.00
Albania,ALB,..,..,..,..,..,..,1857338012.00,2051236250.00,652174990.80,1880951520.00,3199642580.00,2545967253.00,3480355189.00,4348070165.00,7184681399.00,8896073938.00,12881353508.00,11926953214.00,12319784886.00,13228247844.00,11861352705.00,15058879129.00
Algeria,DZA,2723648552.00,2909351793.00,3852115817.00,6761786387.00,17728347375.00,42345277342.00,53698278906.00,59089067187.00,48003298223.00,42542571306.00,46941496780.00,48187747529.00,54790245601.00,56760288974.00,85324998814.00,117000000000.00,171000000000.00,161000000000.00,209000000000.00,214000000000.00,160000000000.00,181000000000.00
American Samoa,ASM,..,..,..,..,..,..,..,..,..,..,..,..,..,514000000.00,512000000.00,496000000.00,563000000.00,576000000.00,644000000.00,643000000.00,653000000.00,..
Andorra,AND,..,..,..,113408231.90,227281024.60,446416105.80,330070689.30,721425939.20,1210013652.00,1017549124.00,1223945357.00,1211932398.00,1434429703.00,1733116883.00,2935659300.00,3543256806.00,4007353157.00,3355695364.00,3164615187.00,3350736367.00,2877311947.00,3236543909.00
Angola,AGO,..,..,..,..,..,5930503401.00,6131475065.00,8769250550.00,8307810974.00,4438321017.00,7526446606.00,6506229607.00,9129594819.00,15285594828.00,23552052408.00,52381006892.00,88538611205.00,83799496611.00,128000000000.00,146000000000.00,101000000000.00,106000000000.00
Antigua and Barbuda,ATG,..,..,..,..,..,131431026.70,208372846.30,398637727.80,499281148.10,589429592.60,633730629.60,727860592.60,830158777.80,814615333.30,919577148.10,1157005444.00,1368431037.00,1152469074.00,1211411704.00,1275576778.00,1464630213.00,1623804016.00
Argentina,ARG,..,25605249382.00,26436857247.00,34733000536.00,51169499891.00,76961923742.00,79092001998.00,126000000000.00,229000000000.00,257000000000.00,272000000000.00,299000000000.00,284000000000.00,97724004252.00,165000000000.00,233000000000.00,362000000000.00,424000000000.00,546000000000.00,526000000000.00,558000000000.00,518000000000.00
Armenia,ARM,..,..,..,..,..,..,..,..,1272577456.00,1315158670.00,1596968913.00,1893726437.00,1911563665.00,2376335048.00,3576615240.00,6384451606.00,11662040714.00,9260284938.00,10619320049.00,11609512940.00,10546135160.00,12433089919.00
Aruba,ABW,..,..,..,..,..,..,..,596423607.10,958463200.20,1245688253.00,1379960894.00,1665100559.00,1873452514.00,1941340782.00,2228491620.00,2424581006.00,2745251397.00,2390502793.00,2534636872.00,2649720670.00,2646927374.00,..
Australia,AUS,18577668272.00,23764139321.00,32665472057.00,51967289720.00,105000000000.00,150000000000.00,193000000000.00,236000000000.00,325000000000.00,322000000000.00,400000000000.00,399000000000.00,415000000000.00,395000000000.00,612000000000.00,746000000000.00,1050000000000.00,1150000000000.00,1550000000000.00,1470000000000.00,1210000000000.00,1430000000000.00
Austria,AUT,6592693841.00,9169983886.00,12440625313.00,22059612417.00,42959976068.00,82058912465.00,67985345162.00,133000000000.00,195000000000.00,204000000000.00,237000000000.00,218000000000.00,197000000000.00,213000000000.00,301000000000.00,336000000000.00,430000000000.00,392000000000.00,409000000000.00,442000000000.00,394000000000.00,456000000000.00
Azerbaijan,AZE,..,..,..,..,..,..,..,..,4991350458.00,3313939554.00,3176703092.00,4446370371.00,5272617196.00,6235856820.00,8680370408.00,20982986344.00,48852482960.00,52902703376.00,69683935845.00,75244294275.00,37867518957.00,46939529412.00
"Bahamas, The",BHS,169803921.60,266666666.70,444901960.80,590900000.00,642100000.00,1335300000.00,2041100000.00,2817900000.00,3109000000.00,3259000000.00,3609000000.00,6833220000.00,8076470000.00,8881160000.00,9055290000.00,10167250000.00,10526000000.00,10095760000.00,10720500000.00,10957300000.00,11838800000.00,..
Bahrain,BHR,..,..,..,..,..,3072698328.00,3905585106.00,3702393617.00,4751063830.00,5567553457.00,6101861436.00,6183776596.00,9062906915.00,9632155053.00,13150166755.00,18505053191.00,25710877660.00,25713271277.00,30749308511.00,33387712766.00,32250132979.00,37746196809.00
Bangladesh,BGD,4274893913.00,5386054619.00,7483685474.00,6288245867.00,10117113333.00,18138049096.00,18920840000.00,26579005760.00,31708874594.00,33768660883.00,46438484108.00,49984559471.00,53369787319.00,54724081491.00,65108544250.00,71819083684.00,91631278239.00,115000000000.00,133000000000.00,173000000000.00,221000000000.00,274000000000.00
Barbados,BRB,..,..,..,..,435911268.60,860388803.30,1144931139.00,1540893949.00,1950900000.00,2151295182.00,2411872918.00,2874459305.00,3121500000.00,3169600000.00,3514350000.00,4176500000.00,4782000000.00,4529900000.00,4656350000.00,4608350000.00,4529050000.00,..
Belarus,BLR,..,..,..,..,..,..,..,..,17037037037.00,14932024169.00,14756846154.00,15222012660.00,12736856828.00,14594249023.00,23144351852.00,36954312354.00,60763483146.00,58665088956.00,65685102555.00,78813839984.00,47722657821.00,59662495092.00
Belgium,BEL,11658722591.00,15960106681.00,21376353113.00,37408591330.00,71494539498.00,128000000000.00,83795680815.00,163000000000.00,236000000000.00,246000000000.00,281000000000.00,261000000000.00,238000000000.00,259000000000.00,371000000000.00,410000000000.00,519000000000.00,484000000000.00,498000000000.00,531000000000.00,470000000000.00,532000000000.00
Belize,BLZ,28071888.56,36193826.12,44910179.64,66062500.00,96905829.60,197938222.40,214381949.00,320093360.30,518239100.00,580863700.00,641383800.00,688992450.00,832072450.00,932551850.00,1057845500.00,1217442150.00,1368625150.00,1396731700.00,1563827850.00,1692955750.00,1806646250.00,1925000000.00
Benin,BEN,226195579.40,269818988.30,326323097.40,410331901.00,698408244.40,1405251547.00,1051133927.00,1620246187.00,1695315306.00,1598075932.00,2361116588.00,2455092582.00,2569186643.00,3054571082.00,4521424807.00,5142380779.00,7132787397.00,6970240895.00,8152554487.00,9707432016.00,8573159697.00,10358985583.00
Bermuda,BMU,84466654.08,107566650.60,150000000.00,235400000.00,386300000.00,613299968.00,985699968.00,1415100032.00,1679900032.00,1867160064.00,2695390000.00,3130748000.00,3480219000.00,3937228000.00,4484703000.00,5414299000.00,6109928000.00,5744414000.00,5537537000.00,..,..,..
Bhutan,BTN,..,..,..,..,..,135653295.20,169264991.20,283855833.30,250794359.60,270801565.20,316420860.90,376955087.30,439158233.20,537050133.70,702682019.00,897731524.90,1258332337.00,1585472534.00,1823692110.00,1976938530.00,2219675781.00,2534965163.00
Bolivia,BOL,373879363.60,539491477.30,857912457.90,1257615645.00,2731984008.00,4526916803.00,6169501038.00,4597615563.00,5643893347.00,5981244887.00,7396966657.00,8497545598.00,8397912509.00,7905485216.00,8773451739.00,11451869165.00,16674324634.00,19649631451.00,27084497540.00,32996188133.00,33941126194.00,40287647757.00
Bosnia and Herzegovina,BIH,..,..,..,..,..,..,..,..,..,1255802469.00,2786045322.00,4116699437.00,5505887894.00,6651106833.00,10596205714.00,12864610994.00,19112739664.00,17176781337.00,17226849297.00,18558343508.00,16913330694.00,19781776101.00
Botswana,BWA,30412308.99,41613969.05,66248256.62,165258093.90,372010119.60,1060923829.00,1240796365.00,2644536804.00,4146513722.00,4259330999.00,4847752843.00,4790458837.00,5788329609.00,5438857107.00,8957467707.00,10126940513.00,10945070442.00,12786654366.00,16067155187.00,16250750259.00,15646323341.00,18616018903.00
Brazil,BRA,15165569913.00,21211892260.00,33875881876.00,58539008786.00,153000000000.00,235000000000.00,209000000000.00,330000000000.00,401000000000.00,558000000000.00,850000000000.00,864000000000.00,655000000000.00,508000000000.00,669000000000.00,1110000000000.00,1700000000000.00,2210000000000.00,2470000000000.00,2460000000000.00,1800000000000.00,1870000000000.00
British Virgin Islands,VGB,..,..,..,..,..,..,..,..,..,..,..,..,..,..,..,..,..,..,..,..,..,..
Brunei Darussalam,BRN,..,..,160819286.60,270818555.80,1423061357.00,4928824958.00,3782523088.00,2690717551.00,4183548189.00,4087337960.00,5115602837.00,4051147228.00,6001153306.00,5843329108.00,7872333215.00,11470703002.00,14393099069.00,13707370737.00,19048495519.00,17098342541.00,11400653949.00,13567099498.00
Bulgaria,BGR,..,..,..,..,..,19839230769.00,17594944444.00,22555941176.00,10350515464.00,9697416974.00,12184935357.00,14942172234.00,13153016531.00,16276456428.00,25957970922.00,34130122491.00,54409138498.00,50610058210.00,53903022339.00,56814543481.00,53240950226.00,65132951116.00
Burkina Faso,BFA,330442817.20,410321785.60,460442864.20,578595584.00,976547572.20,1928720390.00,1459880353.00,2616040646.00,2240264712.00,1895290965.00,2586550747.00,2804902724.00,2628920056.00,3205592290.00,4838551100.00,5816310158.00,8369637065.00,8979966766.00,11166063467.00,12377391463.00,10886363727.00,14441763759.00
Burundi,BDI,195999990.00,260750008.00,183200000.00,246804571.40,448412753.60,919726666.70,987143931.20,1082403219.00,1083037671.00,925030590.20,869033856.30,893770806.10,870486065.90,825394490.20,915257323.40,1273375020.00,1611835902.00,2032135247.00,2333308099.00,2705783272.00,2959185295.00,3078029929.00
Cabo Verde,CPV,..,..,..,..,..,142246875.50,132019065.00,264308140.30,357160985.30,406580652.30,501979069.30,521910560.50,539227277.60,620974660.20,924318490.80,1107891063.00,1789333749.00,1664310770.00,1751888562.00,1859898513.00,1662998678.00,1986928612.00
Cambodia,KHM,637142865.70,782857128.60,1065714249.00,505549441.40,..,..,..,..,..,2791435272.00,3506695720.00,3120425503.00,3677897739.00,4284028483.00,5337833248.00,7274595707.00,10351914093.00,11242275199.00,14054443213.00,16702610842.00,20016747754.00,24571753583.00
Cameroon,CMR,618740988.00,782384527.80,1053077155.00,1430951332.00,3076592431.00,6740756569.00,7801858825.00,12493286762.00,11396310990.00,10600157684.00,10513387442.00,10612847429.00,10083937740.00,11579343088.00,17430933517.00,19356046328.00,26409781215.00,26143818510.00,29104437355.00,34942948737.00,32621535419.00,38502059858.00
Canada,CAN,41093453545.00,48882938810.00,70759031842.00,113000000000.00,207000000000.00,274000000000.00,355000000000.00,507000000000.00,592000000000.00,578000000000.00,629000000000.00,632000000000.00,742000000000.00,758000000000.00,1020000000000.00,1320000000000.00,1550000000000.00,1610000000000.00,1820000000000.00,1800000000000.00,1530000000000.00,1710000000000.00
Cayman Islands,CYM,..,..,..,..,..,..,..,..,..,..,..,..,..,..,..,4227798075.00,..,..,..,..,..,..
Central African Republic,CAF,112155598.90,142025069.50,191767437.00,230317908.00,451152450.00,797048028.80,637820620.70,1264899368.00,1411917558.00,851174350.60,1007791186.00,967338348.70,914500299.10,991387870.10,1270080251.00,1460561215.00,1985240986.00,2140503193.00,2510270268.00,1904794555.00,1844714795.00,2379716827.00
Chad,TCD,313582727.60,392247517.60,453980096.70,585427545.70,866044961.00,1033002402.00,919103735.30,1482597299.00,1881847677.00,1179837955.00,1607345450.00,1744794457.00,1385058162.00,1987622279.00,4414929220.00,7422102656.00,10351932604.00,10657705536.00,12368071039.00,13922223234.00,10090922857.00,11302544205.00
Channel Islands,CHI,..,..,..,..,..,..,..,..,..,..,..,5945677377.00,6439703435.00,6663669065.00,8553643354.00,9676172953.00,..,..,..,..,..,..
Chile,CHL,4110000000.00,5982347826.00,7167086957.00,11853817308.00,10341925249.00,29036709872.00,19622527480.00,26040229793.00,45964327559.00,57008425296.00,78039572222.00,81577430181.00,77860932152.00,69736811435.00,99210392858.00,155000000000.00,180000000000.00,219000000000.00,267000000000.00,261000000000.00,250000000000.00,298000000000.00
China,CHN,59716467625.00,59708343489.00,70846535056.00,114000000000.00,154000000000.00,191000000000.00,260000000000.00,312000000000.00,427000000000.00,564000000000.00,864000000000.00,1030000000000.00,1210000000000.00,1470000000000.00,1960000000000.00,2750000000000.00,4590000000000.00,6090000000000.00,8530000000000.00,10400000000000.00,11100000000000.00,13600000000000.00
Colombia,COL,4031152977.00,5973366667.00,5960212869.00,8671358733.00,15341403660.00,33400735644.00,38253120738.00,39212550050.00,58418985443.00,81703500846.00,97160109278.00,98443739941.00,99886577331.00,97963003805.00,117000000000.00,161000000000.00,242000000000.00,286000000000.00,371000000000.00,381000000000.00,283000000000.00,330000000000.00
Comoros,COM,..,..,..,..,..,212218226.40,184697210.00,356500026.70,457388578.90,319189200.40,396053797.60,370106776.00,350264287.70,423962976.70,632570092.20,697810988.10,911967428.70,907093130.30,1015901205.00,1148058015.00,1024261821.00,1203080508.00
"Congo, Dem. Rep.",COD,3359404118.00,2881545273.00,3909780539.00,6173712814.00,9648583225.00,14394927495.00,7857729193.00,8861299977.00,8227343907.00,5820382248.00,5771454940.00,6215591270.00,19088046306.00,8728038525.00,10297483481.00,14451902468.00,19788515874.00,21565720044.00,29306235826.00,35909040266.00,37134799974.00,47227535291.00
"Congo, Rep.",COG,131731862.60,185693724.80,251247458.00,410669262.90,754549600.50,1705796850.00,2193581366.00,2212536313.00,2933222714.00,1769365425.00,2540697688.00,1949481297.00,3219910550.00,3019993739.00,4648628921.00,7731261311.00,11859013281.00,12007880439.00,13677930124.00,14177437982.00,9035848071.00,11263682694.00
Costa Rica,CRI,507513830.00,542578367.20,773841494.30,1238251696.00,2412555426.00,4831447001.00,3660476459.00,4614629898.00,8528593421.00,10432619326.00,11618286652.00,13617405297.00,14949514493.00,16504795593.00,18528955525.00,22602721765.00,30612927861.00,37268616184.00,46473131799.00,50577769785.00,57157995873.00,60126014829.00
Cote d'Ivoire,CIV,546203561.60,921063266.40,1281281246.00,1849400600.00,4662053708.00,10175615442.00,6841638715.00,10255170460.00,11152971316.00,8313557450.00,12139234939.00,12612033729.00,10717022463.00,12346919152.00,16554441555.00,17800887469.00,24224905504.00,24884503951.00,26790577891.00,35316494574.00,35296979104.00,43007045466.00
Croatia,HRV,..,..,..,..,..,..,..,..,..,..,23678012697.00,25432144406.00,21774273832.00,26868450817.00,41523418160.00,50404444703.00,70494603466.00,59865977192.00,56548374545.00,57682343708.00,51623429121.00,60805659436.00
Cuba,CUB,..,..,..,8135150892.00,13789579903.00,19912889861.00,24039383608.00,27458999472.00,22085858243.00,28448326757.00,25017368697.00,25736331247.00,30565400000.00,33590500000.00,38203000000.00,52742800000.00,60806300000.00,64328000000.00,73141000000.00,80656000000.00,91370000000.00,..
Curacao,CUW,..,..,..,..,..,..,..,..,..,..,..,..,..,..,..,..,..,..,3131096089.00,3158406034.00,3122287933.00,..
Cyprus,CYP,..,..,..,..,576090073.70,2154311277.00,2278248953.00,4278792597.00,6912150456.00,7425703929.00,10011919699.00,10248619910.00,9985843544.00,11420230769.00,17320550000.00,20072788860.00,27839724623.00,25562264901.00,25041397919.00,23364707443.00,20453761062.00,24469841832.00
Czech Republic,CZE,..,..,..,..,..,..,..,..,34590052812.00,47554674591.00,66985765439.00,66490372105.00,61649492817.00,81910771994.00,119000000000.00,155000000000.00,236000000000.00,207000000000.00,207000000000.00,208000000000.00,195000000000.00,244000000000.00
Denmark,DNK,6248946880.00,9506678763.00,13196541952.00,23232411898.00,44575847808.00,71127592754.00,59105208273.00,116000000000.00,153000000000.00,156000000000.00,188000000000.00,177000000000.00,164000000000.00,179000000000.00,251000000000.00,283000000000.00,353000000000.00,322000000000.00,327000000000.00,353000000000.00,312000000000.00,351000000000.00
Djibouti,DJI,..,..,..,..,..,..,..,395794538.60,478058304.90,491689220.70,494004647.70,514267869.30,551230861.90,591122039.60,666072101.80,768873684.00,999105339.30,1128611700.00,1353632942.00,1455035089.00,1764268469.00,1965982322.00
Dominica,DMA,..,..,..,..,..,72804653.33,109157070.70,171106184.10,234058259.30,264375666.70,292286000.00,322409851.90,333468888.90,333195185.20,367199111.10,390250148.10,458190185.20,493824413.30,485997988.10,523540777.80,575468234.40,503646211.10
Dominican Republic,DOM,672399700.00,1025599900.00,1079100000.00,1987400000.00,3951500000.00,6761300000.00,11594000000.00,5374314928.00,11356271336.00,14664237667.00,18241691857.00,21672526563.00,24305116729.00,27362875603.00,22692574473.00,38116351526.00,48288967303.00,53982886258.00,60657780261.00,66065015410.00,72342967648.00,81298585403.00
Ecuador,ECU,2069465326.00,2244146868.00,2582180794.00,3185987235.00,9091924305.00,17881514683.00,16912515183.00,13051886552.00,18094238119.00,22708673337.00,25226393197.00,27981896948.00,18327764882.00,28548945000.00,36591661000.00,46802044000.00,61762635000.00,69555367000.00,87924544000.00,102000000000.00,99937696000.00,108000000000.00
"Egypt, Arab Rep.",EGY,..,..,5932242991.00,9299638056.00,13315988083.00,21669908177.00,33971188992.00,34980124929.00,41855986519.00,51897983393.00,67629716981.00,84828807556.00,99838543960.00,87850683979.00,78845185293.00,107000000000.00,163000000000.00,219000000000.00,279000000000.00,306000000000.00,333000000000.00,251000000000.00
El Salvador,SLV,..,..,1009760100.00,1263720000.00,2328280100.00,3573959900.00,3661683400.00,4189880000.00,5813399300.00,7679384000.00,9586327800.00,10936669900.00,11784927700.00,12664190300.00,13724810900.00,15999886400.00,17986886200.00,18447920000.00,21386160000.00,22593470000.00,24154120000.00,26056950000.00
Equatorial Guinea,GNQ,..,12712471.40,67514285.71,65429198.24,103653049.90,50642880.77,50320914.41,100534663.30,134707184.40,100807001.80,232463036.40,370687618.70,1045998496.00,1806742742.00,4410764339.00,10086528699.00,19749893536.00,16298542028.00,22389626329.00,21736500713.00,11233177619.00,13317453070.00
Eritrea,ERI,..,..,..,..,..,..,..,..,477101651.60,531688311.70,693535954.20,745526154.90,706370815.60,729321366.70,1109054005.00,1211161880.00,1380188800.00,2117039512.00,..,..,..,..
Estonia,EST,..,..,..,..,..,..,..,..,..,4003096180.00,4746109767.00,5617109245.00,5685774809.00,7322069511.00,12059201242.00,16963625016.00,24194039256.00,19490936349.00,23043864510.00,26615854605.00,23984296771.00,30284890757.00
Eswatini,SWZ,35076158.48,64979280.41,79798404.03,146741251.50,272539098.40,542000513.60,494475699.90,692016714.30,1284766234.00,1419293455.00,1602760100.00,1576904292.00,1738100853.00,1432228125.00,2770082792.00,3291353836.00,3294093485.00,4438778424.00,4823831657.00,4377293816.00,3817430000.00,4703787507.00
Ethiopia,ETH,..,..,..,..,..,..,8096302367.00,10908935749.00,10492993078.00,6927950565.00,8547939731.00,7818224906.00,8242392104.00,7850809498.00,10131187261.00,15280861835.00,27066912635.00,29933790334.00,43310721414.00,55612228234.00,74271281811.00,84355462494.00
Faroe Islands,FRO,..,..,..,..,..,..,..,..,..,..,..,1107882641.00,1058702725.00,1262669892.00,1688237552.00,1984445416.00,2432415998.00,2320424601.00,2366301252.00,2850743875.00,2689157271.00,..
Fiji,FJI,112328422.10,140032741.50,166952937.10,316650509.00,694552411.70,1202567359.00,1177997414.00,1109976928.00,1531803061.00,1825285158.00,2129266728.00,1656784780.00,1684109743.00,1842691481.00,2727507213.00,3102741451.00,3523185920.00,3140508836.00,3972012571.00,4856963252.00,4926740194.00,5479504926.00
Finland,FIN,5224102196.00,7766655086.00,8823033880.00,14754136507.00,31873171719.00,53685049410.00,52926394935.00,109000000000.00,113000000000.00,103000000000.00,132000000000.00,134000000000.00,126000000000.00,140000000000.00,197000000000.00,217000000000.00,284000000000.00,248000000000.00,257000000000.00,273000000000.00,239000000000.00,276000000000.00
France,FRA,62651474947.00,94906593388.00,130000000000.00,203000000000.00,372000000000.00,701000000000.00,531000000000.00,1020000000000.00,1400000000000.00,1390000000000.00,1610000000000.00,1500000000000.00,1360000000000.00,1490000000000.00,2120000000000.00,2320000000000.00,2920000000000.00,2640000000000.00,2680000000000.00,2850000000000.00,2470000000000.00,2780000000000.00
French Polynesia,PYF,..,..,259590076.30,325843254.70,732286143.30,1362151524.00,1378991403.00,2687472830.00,3558215110.00,3522272321.00,3954696874.00,3775160797.00,3447543138.00,..,..,..,..,..,..,..,..,..
Gabon,GAB,141468977.60,215679855.30,294468564.50,430508357.70,3009409971.00,4279637934.00,3561451562.00,3834503378.00,5592390849.00,4190819314.00,5694040337.00,4483417120.00,5067865321.00,5310381151.00,7756293575.00,10318424464.00,15508574820.00,14358584300.00,17171447372.00,18179752010.00,14014369642.00,17017401832.00
"Gambia, The",GMB,..,..,41160658.57,59161545.00,112189468.50,241080708.90,177338801.90,266673126.20,714255460.50,746491692.60,848237108.60,840285264.60,782915402.40,578236035.10,578785951.40,655070067.70,965781078.20,951806368.70,910026155.70,1259063631.00,1442298542.00,1624464137.00
Georgia,GEO,..,..,..,..,..,..,..,..,3690328964.00,2513870587.00,3094855183.00,3613498175.00,3057424694.00,3395773557.00,5125365192.00,7745394293.00,12795076469.00,11638500814.00,15846484588.00,16509316418.00,14378036929.00,16209818081.00
Germany,DEU,..,..,..,299000000000.00,518000000000.00,947000000000.00,722000000000.00,1400000000000.00,2120000000000.00,2210000000000.00,2500000000000.00,2240000000000.00,1950000000000.00,2080000000000.00,2820000000000.00,3000000000000.00,3750000000000.00,3420000000000.00,3540000000000.00,3900000000000.00,3500000000000.00,4000000000000.00
Ghana,GHA,1217230038.00,1731296119.00,1666910166.00,2112292945.00,2765254237.00,4445228216.00,4412279843.00,5197840979.00,6413901602.00,5444560669.00,6934984709.00,7480968858.00,4983024408.00,6166330136.00,8881368538.00,20409668522.00,28526891010.00,32174772956.00,41939728979.00,53601126665.00,55009730589.00,65556464056.00
Gibraltar,GIB,..,..,..,..,..,..,..,..,..,..,..,..,..,..,..,..,..,..,..,..,..,..
Greece,GRC,4446528165.00,6680298251.00,9915140546.00,16885506818.00,31152840485.00,56829663469.00,48020024788.00,76261278405.00,116000000000.00,117000000000.00,146000000000.00,144000000000.00,130000000000.00,154000000000.00,241000000000.00,273000000000.00,354000000000.00,299000000000.00,246000000000.00,237000000000.00,195000000000.00,218000000000.00
Greenland,GRL,..,..,..,106101175.70,240780413.60,476055288.40,379371608.40,898611007.90,1037921837.00,1005879948.00,1197509787.00,1149862703.00,1068030830.00,1169138789.00,1822486689.00,2013099482.00,2499107511.00,2503156061.00,2609667674.00,2842048998.00,2713534471.00,..
Grenada,GRD,..,..,..,..,..,110900457.00,145533310.70,236357523.70,310160444.40,325111814.80,366911444.40,445903592.60,520044370.40,540336925.90,599118592.60,698700666.70,825976037.00,771013259.30,799882259.30,911497407.40,1061631222.00,1207454556.00
Guam,GUM,..,..,..,..,..,..,..,..,..,..,..,..,..,3385000000.00,3857000000.00,4213000000.00,4621000000.00,4895000000.00,5199000000.00,5538000000.00,5793000000.00,..
Guatemala,GTM,1043599900.00,1299099900.00,1610500000.00,2101300000.00,4365300200.00,7878700000.00,9470000100.00,7841602824.00,10440842165.00,12983235568.00,15674835615.00,19395491993.00,19288827159.00,20776669467.00,23965275996.00,30231249362.00,39136954232.00,41338521638.00,50388460925.00,58722323918.00,68663653469.00,78460447920.00
Guinea,GIN,..,..,..,..,..,..,..,2384295764.00,3284625277.00,3383218923.00,3869032271.00,3588376057.00,2995360969.00,2949637039.00,3666349049.00,4220019243.00,6964179194.00,6853467858.00,7638045254.00,8778473615.00,8604520929.00,10989790256.00
Guinea-Bissau,GNB,..,..,..,87702828.57,112386489.00,110653830.70,138478900.60,164458120.30,226313443.70,235620043.50,270419779.40,206457544.50,370173838.70,415843482.00,531109356.20,591839470.70,864654795.30,849050127.50,989327811.80,1053512334.00,1178204501.00,1458156026.00
Guyana,GUY,170215248.20,194773376.90,229750000.00,285380952.40,454440000.00,603200000.00,437631605.30,413799990.00,373573141.50,540874934.20,705406001.40,717530683.20,712667896.70,726131434.70,787814379.20,1458453715.00,1916994912.00,2273225042.00,2861562266.00,3077643314.00,3504024213.00,3610435299.00
Haiti,HTI,273187200.00,325281200.00,367968800.00,372000000.00,879000000.00,1383800000.00,1816200000.00,2613926800.00,2257121668.00,2167564195.00,2907514523.00,3723909227.00,3953846311.00,3472191962.00,3537720277.00,4756204070.00,6548530572.00,6622541529.00,7890216508.00,8776350790.00,7975563430.00,9658084644.00
Honduras,HND,335650000.00,457000000.00,646800000.00,802999950.00,1347999950.00,3968160046.00,4915311846.00,5902717092.00,4943700431.00,4642280682.00,5215028986.00,6366340266.00,7103507989.00,7775075858.00,8772170427.00,10841723354.00,13789727210.00,15729644901.00,18400538970.00,19618567447.00,21566622850.00,23803230473.00
"Hong Kong SAR, China",HKG,1320796652.00,2206466461.00,2716964388.00,5710107420.00,12876366009.00,28861759209.00,33511383986.00,59707404561.00,104000000000.00,136000000000.00,160000000000.00,169000000000.00,172000000000.00,166000000000.00,169000000000.00,194000000000.00,219000000000.00,229000000000.00,263000000000.00,291000000000.00,321000000000.00,363000000000.00
Hungary,HUN,..,..,..,..,..,..,..,..,38724945368.00,43160392124.00,46659796773.00,48770466839.00,47310623887.00,67716887203.00,104000000000.00,115000000000.00,158000000000.00,131000000000.00,128000000000.00,140000000000.00,126000000000.00,156000000000.00
Iceland,ISL,248434097.00,434267936.90,474399471.60,840914457.30,1671997859.00,3386501918.00,2868747035.00,6115814935.00,7091625419.00,6399064571.00,7438183247.00,8494094643.00,9003639475.00,9294651863.00,13834751482.00,17216417442.00,17905251832.00,13683689802.00,14724078264.00,17758089312.00,20716024757.00,25878475760.00
India,IND,37029884762.00,56480291292.00,53085457141.00,71463195541.00,103000000000.00,186000000000.00,212000000000.00,297000000000.00,288000000000.00,327000000000.00,393000000000.00,421000000000.00,468000000000.00,515000000000.00,709000000000.00,940000000000.00,1200000000000.00,1680000000000.00,1830000000000.00,2040000000000.00,2290000000000.00,2730000000000.00
Indonesia,IDN,..,..,7076465295.00,10997590361.00,37269156627.00,72482337370.00,84853699994.00,84300174477.00,128000000000.00,177000000000.00,227000000000.00,95445547873.00,165000000000.00,196000000000.00,257000000000.00,365000000000.00,510000000000.00,755000000000.00,918000000000.00,891000000000.00,932000000000.00,1040000000000.00
"Iran, Islamic Rep.",IRN,4199134390.00,5379845647.00,8623172960.00,17153463264.00,68055295080.00,94362275580.00,162000000000.00,123000000000.00,..,71841461173.00,120000000000.00,110000000000.00,110000000000.00,129000000000.00,190000000000.00,266000000000.00,406000000000.00,487000000000.00,599000000000.00,434000000000.00,419000000000.00,..
Iraq,IRQ,1684121535.00,2340521143.00,2896947634.00,4113848002.00,17754825601.00,53405689130.00,46802508845.00,62503055645.00,..,..,..,..,..,..,36627901762.00,65140293688.00,132000000000.00,139000000000.00,218000000000.00,235000000000.00,170000000000.00,226000000000.00
Ireland,IRL,1939329775.00,2766608946.00,3278584478.00,6325627459.00,9465078121.00,21773901117.00,20130728188.00,37818133293.00,55985505025.00,57166035571.00,75880630166.00,90082051923.00,99852958356.00,128000000000.00,194000000000.00,232000000000.00,275000000000.00,222000000000.00,225000000000.00,259000000000.00,302000000000.00,376000000000.00
Isle of Man,IMN,..,..,..,..,..,..,..,..,..,..,1023086919.00,1382548250.00,1563667800.00,1947408065.00,2822228369.00,3422651334.00,5928601103.00,5920177689.00,6433357030.00,7428280402.00,6592627599.00,..
Israel,ISR,2598500000.00,3405333333.00,4619000000.00,8762502920.00,15161005053.00,24129341375.00,29118011069.00,50026450721.00,75496948955.00,86216971147.00,110000000000.00,116000000000.00,132000000000.00,121000000000.00,135000000000.00,154000000000.00,216000000000.00,234000000000.00,257000000000.00,310000000000.00,319000000000.00,370000000000.00
Italy,ITA,40385288344.00,63175417019.00,87942231678.00,145000000000.00,224000000000.00,476000000000.00,436000000000.00,889000000000.00,1320000000000.00,1100000000000.00,1310000000000.00,1270000000000.00,1140000000000.00,1270000000000.00,1800000000000.00,1940000000000.00,2390000000000.00,2130000000000.00,2070000000000.00,2150000000000.00,1870000000000.00,2070000000000.00
Jamaica,JAM,699050679.00,897931401.40,1083883355.00,1875048860.00,2966010230.00,2679409453.00,2373566957.00,3828310735.00,3530892749.00,5419134875.00,7368000000.00,8763219645.00,8985352832.00,9694169757.00,10150978155.00,11901911988.00,13680482787.00,13200286270.00,14798716216.00,13852192273.00,14072135209.00,15717858487.00
Japan,JPN,44307342950.00,81749006382.00,147000000000.00,318000000000.00,586000000000.00,1110000000000.00,1320000000000.00,3070000000000.00,3910000000000.00,4910000000000.00,4830000000000.00,4030000000000.00,4890000000000.00,4120000000000.00,4820000000000.00,4530000000000.00,5040000000000.00,5700000000000.00,6200000000000.00,4850000000000.00,4930000000000.00,4970000000000.00
Jordan,JOR,..,..,561187342.50,788574629.00,1708734940.00,3910036925.00,4966710013.00,6277197435.00,5311329067.00,6237739516.00,6928359238.00,7912327362.00,8460424401.00,9582453032.00,11411390409.00,15056929760.00,22218617772.00,26551480959.00,30966149506.00,36104372355.00,39252468265.00,42290832158.00
Kazakhstan,KAZ,..,..,..,..,..,..,..,..,24906939560.00,21250839258.00,21035357833.00,22135245413.00,18291990619.00,24636593223.00,43151647003.00,81003884545.00,133000000000.00,148000000000.00,208000000000.00,221000000000.00,137000000000.00,171000000000.00
Kenya,KEN,791265458.80,998759333.60,1353295458.00,2107279157.00,3474542392.00,7265315332.00,6191437070.00,8355380879.00,8209129172.00,7148145376.00,12045858436.00,14093998844.00,12705357103.00,13147743911.00,16095337094.00,25825524821.00,35895153328.00,40000088347.00,50412754861.00,61448046802.00,69188755511.00,87908262520.00
Kiribati,KIR,..,..,..,18936526.95,41109617.50,38715554.54,41246160.60,42972107.20,47737955.35,54832577.86,66515376.79,65334841.06,67254174.40,72196457.68,102367039.30,110234939.80,141042610.30,156120895.20,190243321.60,179703443.30,178328873.00,188284518.80
"Korea, Dem. People’s Rep.",PRK,..,..,..,..,..,..,..,..,..,..,..,..,..,..,..,..,..,..,..,..,..,..
"Korea, Rep.",KOR,3957240261.00,3458565257.00,6117115489.00,10842220469.00,29779338843.00,64980820835.00,96597434180.00,197000000000.00,350000000000.00,456000000000.00,598000000000.00,374000000000.00,562000000000.00,609000000000.00,765000000000.00,1010000000000.00,1000000000000.00,1090000000000.00,1220000000000.00,1410000000000.00,1410000000000.00,1620000000000.00
Kosovo,XKX,..,..,..,..,..,..,..,..,..,..,..,..,1849196082.00,2406270658.00,3556757429.00,3846819721.00,5687417607.00,5830463576.00,6499935757.00,7386891336.00,6714712389.00,7900268736.00
Kuwait,KWT,..,..,2663119574.00,4451200973.00,13131668947.00,28638550499.00,21697297872.00,20692472760.00,19858555215.00,24848483838.00,31493987642.00,25941929462.00,37711864407.00,38137545245.00,59440108585.00,102000000000.00,147000000000.00,115000000000.00,174000000000.00,163000000000.00,109000000000.00,142000000000.00
Kyrgyz Republic,KGZ,..,..,..,..,..,..,..,..,2316562500.00,1681006993.00,1827570586.00,1645963750.00,1369692689.00,1605640974.00,2211534585.00,2834168889.00,5139957785.00,4794357795.00,6605139933.00,7468096567.00,6813092066.00,8092836609.00
Lao PDR,LAO,..,..,..,..,..,..,1757142806.00,598961269.30,1127806945.00,1543606345.00,1873671550.00,1280177839.00,1731198022.00,1758176653.00,2366398120.00,3452882514.00,5443915121.00,7127792630.00,10191350120.00,13268458232.00,15805707154.00,18130724396.00
Latvia,LVA,..,..,..,..,..,..,..,..,..,..,5970044666.00,7174985107.00,7937758980.00,9546441564.00,14373269156.00,21447021570.00,35596016664.00,23757368290.00,28119996053.00,31335013752.00,27695474684.00,34849078086.00
Lebanon,LBN,..,..,..,..,..,..,..,3313540068.00,5843579161.00,9599127050.00,13690217333.00,17247179006.00,17260364842.00,19152238806.00,21145518600.00,22048664306.00,29227542760.00,38419626534.00,44230727695.00,48296099502.00,51239050083.00,56639155556.00
Lesotho,LSO,34579308.41,51938961.22,61444771.10,80915831.92,147654093.80,431561376.50,333158476.20,470389179.70,831033941.10,878250450.60,946123275.90,928458206.00,887295267.90,775780697.70,1511236656.00,1800105590.00,1758534995.00,2361613520.00,2678475773.00,2614566292.00,2323419617.00,2791762880.00
Liberia,LBR,..,..,..,..,..,..,..,..,..,..,..,..,874000000.00,927000000.00,897000000.00,1119000000.00,1726000000.00,1998000000.00,2721000000.00,3144000000.00,3277826000.00,3249000000.00
Libya,LBY,..,..,..,..,..,..,..,..,33881392045.00,28607921929.00,27884615385.00,27249786142.00,38270206950.00,20481889764.00,33122307692.00,54961936663.00,87140405361.00,74773444901.00,81873662519.00,41142722414.00,26221660068.00,48319620013.00
Liechtenstein,LIE,..,..,..,124941925.00,272493879.00,534701915.60,502617355.40,1161757671.00,1631197909.00,1948118228.00,2504033252.00,2479721341.00,2483953103.00,2688630823.00,3454362686.00,4000239273.00,5081432924.00,5082366478.00,5456009385.00,6657170923.00,6214633651.00,..
Lithuania,LTU,..,..,..,..,..,..,..,..,..,..,8385109020.00,11240360898.00,11539211480.00,14278357284.00,22649930576.00,30216060233.00,47850551149.00,37120517694.00,42848195256.00,48516371721.00,42973365745.00,53251369047.00
Luxembourg,LUX,703925705.90,903158753.90,1066447131.00,1968733022.00,3544268025.00,6232005656.00,4594891581.00,9750161053.00,16065740778.00,18325791415.00,21776609772.00,20209122027.00,21263514833.00,23616328816.00,34685281848.00,42414308117.00,55849686539.00,53212476812.00,56677961787.00,66103853237.00,58961235412.00,69487922619.00
"Macao SAR, China",MAC,..,..,..,..,..,..,1292281654.00,2269233639.00,4879018602.00,6265844252.00,7122539667.00,6742367273.00,6720492406.00,7322677820.00,10585624891.00,14789661809.00,20917444920.00,28123640999.00,43031577366.00,55347998648.00,45322259884.00,54545184268.00
Madagascar,MDG,673081724.10,802482182.90,1031669636.00,1341590682.00,2181844194.00,4042139901.00,2939485472.00,2442507588.00,3024459564.00,2977040722.00,3995028593.00,3738704468.00,3877673539.00,4397254608.00,4363934494.00,5515884349.00,9413002921.00,8729936136.00,9919780071.00,10673516673.00,9958655045.00,12100459087.00
Malawi,MWI,162956740.90,194736105.30,245169806.80,406062874.30,670317634.20,1237655461.00,1208008985.00,1379924257.00,1799517082.00,1181802596.00,2281034131.00,1750584265.00,1743506531.00,3495748398.00,3476094499.00,3998020177.00,5321012192.00,6959655571.00,6028487929.00,6047813437.00,5433040160.00,7064971176.00
Malaysia,MYS,1916241997.00,2674441396.00,3330393310.00,5043268549.00,11050125905.00,24488033442.00,33943505718.00,35271880250.00,59167157498.00,74477975918.00,101000000000.00,72167753771.00,93789736842.00,101000000000.00,125000000000.00,163000000000.00,231000000000.00,255000000000.00,314000000000.00,338000000000.00,297000000000.00,354000000000.00
Maldives,MDV,..,..,..,..,..,42463576.16,109503546.10,168610478.40,284853358.60,355884383.10,450382328.00,540096397.60,624337145.30,897031250.00,1226829563.00,1575200391.00,2271646188.00,2588176055.00,2886170572.00,3697351597.00,4414055725.00,5272288443.00
Mali,MLI,..,..,343771964.70,486617332.40,939227993.70,1759690812.00,1232932008.00,2169040742.00,2830673389.00,2081846483.00,2780422212.00,2920358587.00,2954129566.00,3889758024.00,5444474268.00,6899799786.00,9750822511.00,10678749467.00,12442747897.00,14345828992.00,14010787738.00,17196688920.00
Malta,MLT,..,..,..,295118249.30,527936988.80,1250242108.00,1101828569.00,2019474244.00,3021910217.00,2998570147.00,3570271558.00,3923637971.00,4306192436.00,4689832690.00,6062780269.00,6757119558.00,8977149553.00,8741059603.00,9211948091.00,11281702720.00,11442612409.00,14542039605.00
Marshall Islands,MHL,..,..,..,..,..,..,45144000.00,70688000.00,91063000.00,108071000.00,110858000.00,108702100.00,110937700.00,124735100.00,131334600.00,143930000.00,152788700.00,164969100.00,185210500.00,183121300.00,194497900.00,211523642.40
Mauritania,MRT,92609243.69,151897202.50,210695182.70,265009396.70,524407949.90,709041462.20,726937308.90,957377548.50,1464392416.00,1315932645.00,1442598431.00,1375115534.00,1293654175.00,1324426607.00,1833444740.00,3040716679.00,4031048268.00,4337794151.00,5231255478.00,5372783880.00,4727937032.00,5365868725.00
Mauritius,MUS,..,..,..,..,704033525.40,1131788192.00,1040557089.00,2134517068.00,3224267548.00,3558137040.00,4421943910.00,4169664285.00,4663313618.00,4841310239.00,6578844487.00,7028803366.00,9990370016.00,10003670690.00,11668685524.00,12803445934.00,12232463656.00,14220348673.00
Mexico,MEX,13040000000.00,20080000000.00,29360000000.00,45200000000.00,89025974026.00,205000000000.00,184000000000.00,182000000000.00,363000000000.00,528000000000.00,411000000000.00,527000000000.00,708000000000.00,772000000000.00,782000000000.00,975000000000.00,1110000000000.00,1060000000000.00,1200000000000.00,1310000000000.00,1080000000000.00,1220000000000.00
"Micronesia, Fed. Sts.",FSM,..,..,..,..,..,..,..,124700000.00,178100000.00,202500000.00,218845700.00,219646200.00,233226300.00,241543400.00,240097000.00,253372300.00,262868600.00,296525300.00,326128700.00,317999400.00,329895600.00,344501760.00
Moldova,MDA,..,..,..,..,..,..,..,..,..,..,1695122174.00,1698717505.00,1288429392.00,1661818168.00,2598231467.00,3408272498.00,6054806101.00,6974960345.00,8709165249.00,9510219299.00,8071480541.00,11309082555.00
Monaco,MCO,..,..,..,402460333.20,735339911.90,1378130996.00,1037314956.00,2000674667.00,2737067002.00,2720297793.00,3137848801.00,2934578821.00,2647883816.00,2905840862.00,4110169853.00,4582988333.00,6476490406.00,5362649007.00,5743029680.00,7060236168.00,6468252212.00,..
Mongolia,MNG,..,..,..,..,..,..,2098734600.00,3204461567.00,1317611864.00,925817092.20,1345719472.00,1124440249.00,1136896124.00,1396555720.00,1992066808.00,3414055566.00,5623216449.00,7189481824.00,12292770631.00,12226514722.00,11186734674.00,13009574621.00
Montenegro,MNE,..,..,..,..,..,..,..,..,..,..,..,..,984297589.40,1284685051.00,2073234418.00,2721903149.00,4545674528.00,4139192053.00,4087725813.00,4587928884.00,4374128319.00,5452173041.00
Morocco,MAR,2037150716.00,2798339769.00,3271415868.00,5074117545.00,9584323309.00,21728770055.00,14824728528.00,25705296184.00,33711069431.00,35604137423.00,43161452678.00,41806219379.00,38857251336.00,42236836821.00,59626020162.00,68640825481.00,92507257784.00,93216746662.00,98266306615.00,110000000000.00,103000000000.00,118000000000.00
Mozambique,MOZ,..,..,..,..,..,3526287037.00,3376172170.00,2093571674.00,2291175765.00,2460670288.00,3523842275.00,4873242526.00,5016469069.00,5031510909.00,6831808930.00,8312078525.00,11494837053.00,10154238250.00,15265269711.00,16961117243.00,10896894351.00,14457964381.00
Myanmar,MMR,..,..,..,..,..,..,..,..,..,..,..,..,8905066164.00,6777632512.00,10567354056.00,14502553710.00,31862554102.00,49540813342.00,59937797559.00,65446199788.00,63256184700.00,71214803378.00
Namibia,NAM,..,..,..,..,..,2422096075.00,1947967886.00,2491412336.00,3424733520.00,3636645995.00,3945340776.00,3826527631.00,3833993703.00,3275669889.00,6480441754.00,7835043624.00,8486721917.00,11282192605.00,13016272899.00,12786078008.00,11286139080.00,14521711630.00
Nauru,NRU,..,..,..,..,..,..,..,..,..,..,..,..,..,..,..,..,39292928.31,49234059.72,103837431.90,117013202.30,102055047.90,114718022.80
Nepal,NPL,508334414.00,496098775.30,772228643.40,1024098805.00,1452792989.00,1945916583.00,2581207388.00,3487009748.00,3401211581.00,4066775510.00,4521580381.00,4856255044.00,5494252208.00,6050875807.00,7273938315.00,9043715356.00,12545438605.00,16002656434.00,18851513891.00,20002968838.00,21185922408.00,28812491892.00
Netherlands,NLD,12276734172.00,18699380731.00,27817605743.00,54706557264.00,109000000000.00,195000000000.00,144000000000.00,262000000000.00,363000000000.00,379000000000.00,450000000000.00,438000000000.00,416000000000.00,472000000000.00,657000000000.00,733000000000.00,948000000000.00,847000000000.00,839000000000.00,891000000000.00,784000000000.00,913000000000.00
New Caledonia,NCL,..,..,215507164.00,505892512.90,798310509.60,1182457143.00,796018978.50,2072735787.00,2923764926.00,3038727617.00,3606968434.00,3158806480.00,2682347064.00,..,..,..,..,..,..,..,..,..
New Zealand,NZL,5485854792.00,7274144351.00,5180597621.00,9567331065.00,13604832424.00,23244547385.00,21665975319.00,45176811594.00,41649829860.00,55314732279.00,70140835299.00,56227169851.00,52623281957.00,66627729311.00,104000000000.00,112000000000.00,133000000000.00,147000000000.00,176000000000.00,201000000000.00,188000000000.00,205000000000.00
Nicaragua,NIC,223854666.70,341973758.90,695899980.40,880842890.10,1847871372.00,2189347368.00,3105517091.00,2630904262.00,1792800000.00,3863185119.00,4308351903.00,4635267225.00,5107329007.00,5224213018.00,5795568205.00,6763671611.00,8496965842.00,8758622329.00,10532001130.00,11880438824.00,13286093197.00,13117859222.00
Niger,NER,449526872.60,582816358.30,641214210.70,742779740.40,1064517575.00,2508524186.00,1461243212.00,2280356338.00,2344987614.00,1563207225.00,1987770899.00,2076737357.00,1798374468.00,2170481509.00,3052898739.00,3646728060.00,5379299888.00,5718664505.00,6942258305.00,8229731384.00,7528285444.00,9239513530.00
Nigeria,NGA,4196092258.00,5552822484.00,5200895982.00,12274416018.00,36308883249.00,64201788123.00,73484359521.00,49648470440.00,47794925815.00,33833042988.00,51075815093.00,54604050168.00,69448756933.00,95385819321.00,136000000000.00,236000000000.00,337000000000.00,363000000000.00,459000000000.00,568000000000.00,405000000000.00,397000000000.00
North Macedonia,MKD,..,..,..,..,..,..,..,..,2436849342.00,3556581986.00,4651453634.00,3756208791.00,3772851420.00,4018365247.00,5682719260.00,6861222332.00,9909548411.00,9407168702.00,9745251126.00,11362272838.00,10672471861.00,12672131053.00
Northern Mariana Islands,MNP,..,..,..,..,..,..,..,..,..,..,..,..,..,1284000000.00,1210000000.00,990000000.00,939000000.00,799000000.00,751000000.00,845000000.00,1250000000.00,..
Norway,NOR,5163271598.00,7159202706.00,10159934137.00,17358610850.00,35942270686.00,64439382896.00,62057955033.00,102000000000.00,131000000000.00,127000000000.00,164000000000.00,154000000000.00,171000000000.00,195000000000.00,264000000000.00,345000000000.00,463000000000.00,429000000000.00,510000000000.00,499000000000.00,371000000000.00,435000000000.00
Oman,OMN,..,..,188864890.80,366857738.40,2560220035.00,5981760278.00,8821366532.00,8386215865.00,12452275683.00,12918855657.00,15277763329.00,14085373212.00,19507412224.00,20142782835.00,24763589077.00,37215864759.00,60905331599.00,58642392718.00,76689206762.00,81076723017.00,65941482445.00,79294928479.00
Pakistan,PAK,3707055901.00,5130407728.00,8090088555.00,9309109764.00,13338484980.00,23689696768.00,31151824659.00,38472741737.00,48635176853.00,51894781282.00,63320122807.00,62191955814.00,73952374970.00,72306820396.00,97977766198.00,137000000000.00,170000000000.00,177000000000.00,224000000000.00,244000000000.00,279000000000.00,313000000000.00
Palau,PLW,..,..,..,..,..,..,..,..,..,..,..,..,144759500.00,161950700.00,164163200.00,188037700.00,196859300.00,182863000.00,214648500.00,245675100.00,303984500.00,310111145.00
Panama,PAN,537147100.00,776137500.00,1112791100.00,1673411700.00,2588106000.00,4614086400.00,6183387100.00,5902783400.00,8042337700.00,9365289800.00,9870494000.00,11575486400.00,12304115000.00,12994310400.00,15013381700.00,18141666300.00,25155888600.00,29440300000.00,40429700000.00,49921500000.00,57957600000.00,65055100000.00
Papua New Guinea,PNG,230496033.00,305312043.70,485160824.30,858802035.90,1511856584.00,2545983008.00,2552526263.00,3655979702.00,4377980510.00,5502786070.00,5155311077.00,3789443015.00,3521339699.00,2999511040.00,3927157867.00,8306343442.00,11670678864.00,14250726290.00,21295834133.00,23210611847.00,20759048835.00,23431596214.00
Paraguay,PRY,..,..,517650793.70,769039682.50,1698960317.00,4448087302.00,4502462807.00,4255683528.00,7157424031.00,7870982005.00,9788391781.00,9260481572.00,8855705140.00,7196260657.00,9624440836.00,13429430050.00,24578067861.00,27215968616.00,33283228891.00,40276532541.00,36054281572.00,40842341774.00
Peru,PER,2571908062.00,4356913870.00,5736083835.00,9189413409.00,15947709380.00,18134029180.00,17599660054.00,15439408447.00,36139225288.00,44882079767.00,55252414130.00,55501467877.00,51744749133.00,54777553515.00,66768703498.00,88643193062.00,121000000000.00,148000000000.00,193000000000.00,201000000000.00,192000000000.00,222000000000.00
Philippines,PHL,6684568805.00,5271404668.00,7591603053.00,8017468688.00,17097563270.00,32450541843.00,31408492877.00,37885440419.00,52976344929.00,64084460124.00,82848140618.00,72207028768.00,81026300310.00,81357605642.00,91371242495.00,122000000000.00,174000000000.00,200000000000.00,250000000000.00,285000000000.00,305000000000.00,331000000000.00
Poland,POL,..,..,..,..,..,..,..,..,94337050693.00,111000000000.00,160000000000.00,174000000000.00,172000000000.00,199000000000.00,255000000000.00,345000000000.00,534000000000.00,479000000000.00,500000000000.00,545000000000.00,472000000000.00,586000000000.00
Portugal,PRT,3193200404.00,4235608178.00,6354262628.00,11240223128.00,20334835544.00,32899759311.00,25220451794.00,56352797354.00,108000000000.00,99698453261.00,123000000000.00,124000000000.00,118000000000.00,134000000000.00,189000000000.00,209000000000.00,262000000000.00,238000000000.00,216000000000.00,230000000000.00,206000000000.00,238000000000.00
Puerto Rico,PRI,1691900000.00,2570500000.00,3941700000.00,6328900000.00,8968600000.00,14436100000.00,19162600000.00,26385800000.00,34630430000.00,39690630000.00,45340835000.00,54086400000.00,61701800000.00,71623500000.00,80322313000.00,87276164400.00,93639300000.00,98381300000.00,102000000000.00,102000000000.00,104000000000.00,101000000000.00
Qatar,QAT,..,..,..,510259940.70,3284301332.00,7829094613.00,6704395824.00,6038187033.00,7646153984.00,7374450769.00,9059340385.00,10255495027.00,17759890110.00,19363736264.00,31734065934.00,60882142857.00,115000000000.00,125000000000.00,187000000000.00,206000000000.00,152000000000.00,192000000000.00
Romania,ROU,..,..,..,..,..,..,..,40809523810.00,25121666667.00,30074440483.00,36937074278.00,41694118973.00,37253259017.00,46066101951.00,74972669057.00,122000000000.00,214000000000.00,166000000000.00,171000000000.00,200000000000.00,188000000000.00,240000000000.00
Russian Federation,RUS,..,..,..,..,..,..,..,555000000000.00,460000000000.00,395000000000.00,392000000000.00,271000000000.00,260000000000.00,345000000000.00,591000000000.00,990000000000.00,1660000000000.00,1520000000000.00,2210000000000.00,2060000000000.00,1280000000000.00,1660000000000.00
Rwanda,RWA,119000024.00,129999994.00,172200018.00,246457838.30,637754162.10,1254765350.00,1587412957.00,2395493878.00,2029026704.00,753636370.50,1382334879.00,1989343495.00,1813938653.00,1749314001.00,2174623213.00,3116128156.00,4867560259.00,5783152633.00,7334917697.00,8016591928.00,8475681533.00,9509003197.00
Samoa,WSM,..,..,..,..,..,..,109200934.30,133016065.40,132303041.40,221098106.50,249908970.70,269481523.20,269019710.30,288078881.40,420320176.40,508503671.30,644132488.90,643046733.40,801168622.30,805162576.40,786640012.20,861494700.70
San Marino,SMR,..,..,..,..,..,..,..,..,..,..,..,..,1101897918.00,1253529080.00,1877328036.00,2092585623.00,2752307016.00,2139072848.00,1800077091.00,1788510017.00,1564380531.00,..
Sao Tome and Principe,STP,..,..,..,..,..,..,..,..,..,..,..,..,..,85171074.21,114582285.80,142775106.80,188021168.80,197454052.10,252560556.00,348941656.40,347545391.80,422296762.30
Saudi Arabia,SAU,..,..,4187777711.00,9664157499.00,64005665722.00,165000000000.00,120000000000.00,88256074766.00,137000000000.00,135000000000.00,159000000000.00,147000000000.00,190000000000.00,190000000000.00,259000000000.00,377000000000.00,520000000000.00,528000000000.00,736000000000.00,756000000000.00,645000000000.00,782000000000.00
Senegal,SEN,1003692375.00,1188930568.00,1309384830.00,1620857277.00,2869777812.00,4435050397.00,3425127373.00,6311054901.00,7602005274.00,4908415369.00,6413189839.00,6368265194.00,5924239701.00,6752510283.00,10167441854.00,11847848225.00,16949789465.00,16215069256.00,17825417949.00,19770840286.00,19027392876.00,24129599552.00
Serbia,SRB,..,..,..,..,..,..,..,..,..,..,20948677840.00,18284194680.00,6540245607.00,16116843146.00,24861484994.00,32482070360.00,52194221469.00,41819468692.00,43309252921.00,47062205547.00,40630392019.00,50508366850.00
Seychelles,SYC,12012025.25,15393032.35,16074027.35,30645121.01,49278979.55,147357222.80,151313242.00,283828769.00,433667193.80,486451204.60,503068472.20,608369282.20,614879764.80,697518248.20,839319927.30,1016418229.00,967199594.00,969936525.30,1060226126.00,1343007845.00,1427524565.00,1590180446.00
Sierra Leone,SLE,322009471.60,371848114.70,329860091.90,465381090.00,594895672.30,1100685845.00,1087471862.00,1055083945.00,679997997.60,911915970.70,941742152.70,672375927.30,635874002.20,1253340520.00,1448536631.00,1885112202.00,2505458705.00,2578026297.00,3801862611.00,5015157816.00,3674794530.00,3999945202.00
Singapore,SGP,704756304.70,894159153.30,1425715406.00,2721440981.00,6327077974.00,11896256783.00,19749361098.00,25371462488.00,52130263966.00,73690847191.00,96295886525.00,85728310229.00,96074477958.00,92537752709.00,115000000000.00,149000000000.00,194000000000.00,240000000000.00,295000000000.00,315000000000.00,318000000000.00,364000000000.00
Sint Maarten (Dutch part),SXM,..,..,..,..,..,..,..,..,..,..,..,..,..,..,..,..,..,..,..,..,..,..
Slovak Republic,SVK,..,..,..,..,..,..,..,..,15431288006.00,20079363626.00,27821913815.00,29828899206.00,29114875622.00,35083608131.00,57240535138.00,70596729394.00,100000000000.00,89501012916.00,93413992956.00,101000000000.00,89848359305.00,106000000000.00
Slovenia,SVN,..,..,..,..,..,..,..,..,13052481427.00,14993821209.00,21480023017.00,22125435372.00,20342201356.00,23563576758.00,34470227454.00,39587732029.00,55589849128.00,48013606745.00,46352802766.00,49889553216.00,44641210338.00,54235484383.00
Solomon Islands,SLB,..,..,28084252.76,40606712.05,83099107.91,168715353.10,252806783.40,310684273.70,378778047.20,464756638.50,565163750.60,471177008.10,435103853.50,341661643.60,375111894.90,456705434.00,608229326.70,681151190.00,1063879451.00,1172268296.00,1232699140.00,1411904531.00
Somalia,SOM,..,..,..,..,..,..,..,..,..,..,..,..,..,..,..,..,..,..,..,6562208806.00,6839998517.00,7484000000.00
South Africa,ZAF,7575248495.00,10373792524.00,14894302114.00,21358137115.00,36601885925.00,82984078069.00,87880468269.00,118000000000.00,135000000000.00,140000000000.00,148000000000.00,138000000000.00,136000000000.00,115000000000.00,229000000000.00,272000000000.00,287000000000.00,375000000000.00,396000000000.00,351000000000.00,296000000000.00,366000000000.00
South Sudan,SSD,..,..,..,..,..,..,..,..,..,..,..,..,..,..,..,..,15550136279.00,15727363443.00,10368813559.00,13282033898.00,3070885014.00,..
Spain,ESP,12072126075.00,21343844644.00,31475548481.00,58971806627.00,118000000000.00,232000000000.00,172000000000.00,375000000000.00,629000000000.00,529000000000.00,641000000000.00,617000000000.00,595000000000.00,705000000000.00,1070000000000.00,1260000000000.00,1640000000000.00,1430000000000.00,1340000000000.00,1380000000000.00,1240000000000.00,1430000000000.00
Sri Lanka,LKA,1409873950.00,1309747899.00,1801344538.00,2553936348.00,3591319857.00,4024621900.00,6043474843.00,6978371581.00,9703011636.00,11717604209.00,13897738375.00,15794972847.00,16330814180.00,16536535647.00,20662525941.00,28279814925.00,40713812310.00,56725749222.00,68434409315.00,79356449841.00,82401038710.00,88900770858.00
St. Kitts and Nevis,KNA,12366563.61,13416554.86,14600000.00,22944849.12,30095602.29,68459214.07,98603924.81,172692174.40,242135418.10,295157658.10,333946095.60,383257144.90,433520494.90,497328946.70,529250459.30,657227386.70,793368441.00,766785071.20,800392821.20,916857359.50,958973183.20,1039875050.00
St. Lucia,LCA,..,..,..,..,..,154461345.20,229371734.10,384376809.60,602911074.10,638422518.50,705672777.80,784752481.50,834327296.30,805069148.10,954317407.40,1134567222.00,1286720333.00,1399203481.00,1437879370.00,1542406296.00,1688244704.00,1876189778.00
St. Martin (French part),MAF,..,..,..,..,..,..,..,..,..,..,..,..,..,..,..,..,..,..,..,..,..,..
St. Vincent and the Grenadines,VCT,13066557.78,14758210.35,15350000.00,27585488.99,32792480.97,82340339.63,135024987.80,200726712.60,277954111.10,289438481.50,331489703.70,373619851.90,396261370.40,461883444.40,521975111.10,610930037.00,695428851.90,681225963.00,692933740.70,727714407.10,770762204.10,813093984.10
Sudan,SDN,1307333333.00,1611333333.00,1947333333.00,2882000000.00,6979333333.00,7459833333.00,9701357143.00,15399166667.00,7034219713.00,12794192334.00,9018243044.00,11250327988.00,12257418326.00,14803189093.00,21457470203.00,35822408612.00,54526580232.00,65634109237.00,68125631150.00,82151588419.00,95558220777.00,40851536134.00
Suriname,SUR,99650000.00,134400000.00,241350000.00,311950000.00,505500000.00,795000000.00,864000000.00,1161000000.00,404600000.00,605492537.30,861411471.30,1110850000.00,947671969.70,1093574468.00,1484092538.00,2626493057.00,3532961749.00,4368398048.00,4980000000.00,5240606061.00,3167164371.00,3427269682.00
Sweden,SWE,14842870293.00,21137242561.00,29143383491.00,48317904775.00,88200661976.00,140000000000.00,108000000000.00,204000000000.00,281000000000.00,226000000000.00,288000000000.00,267000000000.00,260000000000.00,264000000000.00,382000000000.00,421000000000.00,515000000000.00,489000000000.00,544000000000.00,574000000000.00,512000000000.00,551000000000.00
Switzerland,CHE,9522746719.00,14480556572.00,18942729779.00,35777236928.00,66493313570.00,119000000000.00,106000000000.00,209000000000.00,272000000000.00,293000000000.00,330000000000.00,295000000000.00,272000000000.00,301000000000.00,394000000000.00,431000000000.00,554000000000.00,584000000000.00,668000000000.00,709000000000.00,670000000000.00,706000000000.00
Syrian Arab Republic,SYR,857704431.70,1339494290.00,1753746370.00,3059682162.00,7633528921.00,13062421025.00,17503082982.00,10577042355.00,13253565899.00,10122020000.00,13789560878.00,15200846138.00,19325894913.00,21582248882.00,25086930693.00,33332844575.00,..,..,..,..,..,..
Tajikistan,TJK,..,..,..,..,..,..,..,..,1909246641.00,1522018436.00,1043654822.00,1320242081.00,860521119.30,1221120799.00,2076182461.00,2830220713.00,5161337336.00,5642178580.00,7633049792.00,9112544556.00,6952678127.00,7522947810.00
Tanzania,TZA,..,..,..,..,..,..,..,5100405772.00,4601413264.00,4510846968.00,6496195451.00,12270448700.00,13375976354.00,14142035080.00,16675948415.00,18649590248.00,27941177435.00,32014249841.00,39650530214.00,49964788814.00,49774021003.00,57437073927.00
Thailand,THA,2760747472.00,3889129942.00,6081009428.00,8177884553.00,16985211146.00,32353440727.00,41797592963.00,61667199835.00,111000000000.00,147000000000.00,183000000000.00,114000000000.00,126000000000.00,134000000000.00,173000000000.00,222000000000.00,291000000000.00,341000000000.00,398000000000.00,407000000000.00,412000000000.00,505000000000.00
Timor-Leste,TLS,..,..,..,..,..,..,..,..,..,..,..,..,439646121.60,510677040.10,1078373729.00,2657842665.00,4391368105.00,3998961314.00,6661664575.00,4041636957.00,2503532102.00,2581000000.00
Togo,TGO,121128073.10,166104067.60,241956910.70,335677636.90,619375134.20,1136408814.00,718148959.60,1378847487.00,1692959110.00,982624324.50,1465448290.00,1587345951.00,1488185772.00,1698678686.00,2255942249.00,2349495621.00,3310277927.00,3426022206.00,3873529926.00,4568900620.00,4414908597.00,5300214337.00
Tonga,TON,..,..,..,..,30036416.96,53260077.43,64248354.54,106657267.40,137066290.60,193775943.00,219583570.10,188686997.30,202363492.20,182737040.10,229358214.80,294137737.10,349484427.60,369485198.80,472358251.20,443911052.30,401109307.40,450353313.90
Trinidad and Tobago,TTO,535670127.70,711893367.60,758899950.00,1083381044.00,2500410584.00,6235833333.00,7757083333.00,4496852073.00,5439552941.00,4947205860.00,5759537726.00,6043694330.00,8154338233.00,9008273721.00,13280275123.00,18369361094.00,27871587350.00,22157948396.00,25769329445.00,27477965424.00,21746391333.00,23410353435.00
Tunisia,TUN,..,..,1214666667.00,2237476420.00,4507929104.00,8744134354.00,8254891864.00,10096292842.00,15497286296.00,15632463424.00,19587322786.00,21803372267.00,21473188882.00,23142294436.00,31183139301.00,34378437265.00,44856586316.00,44050929160.00,45044112939.00,47632326088.00,41808379888.00,39860715814.00
Turkey,TUR,13995067818.00,11177777778.00,17500000000.00,20431095406.00,51280134554.00,68789289566.00,59989909458.00,90852814005.00,158000000000.00,131000000000.00,181000000000.00,276000000000.00,273000000000.00,238000000000.00,405000000000.00,552000000000.00,764000000000.00,772000000000.00,874000000000.00,934000000000.00,864000000000.00,767000000000.00
Turkmenistan,TKM,..,..,..,..,..,..,..,3010982414.00,3200539816.00,2561118608.00,2378759975.00,2605688065.00,2904662605.00,4461978499.00,6838351088.00,10276674365.00,19271523179.00,22583157895.00,35164210526.00,43524210526.00,36180000000.00,40761142857.00
Turks and Caicos Islands,TCA,..,..,..,..,..,..,..,..,..,..,..,..,..,366707910.00,485598810.00,721891470.00,862683630.00,686787810.00,715722770.00,823968140.00,950357510.00,1022312010.00
Tuvalu,TUV,..,..,..,..,..,..,..,..,9742949.47,10886825.56,12334846.23,12757632.87,13742057.05,15450994.24,21534931.61,22902861.45,30290770.26,31824701.28,37671734.49,37291841.43,36547419.87,42587778.47
Uganda,UGA,423008385.70,589056603.80,1037815126.00,1491596639.00,2447300000.00,1244610000.00,3615647477.00,6508931652.00,2857457860.00,3990430447.00,6044585327.00,6584815847.00,6193246837.00,6178563591.00,7940362799.00,9942597780.00,14239026630.00,20186496527.00,23114293416.00,27291879819.00,24133664285.00,27476945526.00
Ukraine,UKR,..,..,..,..,..,..,..,74703517903.00,73942235330.00,52549555149.00,44558077827.00,41883241472.00,31261527363.00,42351593887.00,64819702952.00,108000000000.00,180000000000.00,136000000000.00,176000000000.00,134000000000.00,93355993629.00,131000000000.00
United Arab Emirates,ARE,..,..,..,..,19213022691.00,43598748449.00,41807954236.00,36275674203.00,54239171888.00,59305093980.00,73571233996.00,75674336283.00,104000000000.00,110000000000.00,148000000000.00,222000000000.00,315000000000.00,290000000000.00,375000000000.00,403000000000.00,357000000000.00,414000000000.00
United Kingdom,GBR,72328047042.00,93387598814.00,105000000000.00,170000000000.00,233000000000.00,565000000000.00,461000000000.00,910000000000.00,1180000000000.00,1140000000000.00,1410000000000.00,1640000000000.00,1650000000000.00,1770000000000.00,2400000000000.00,2700000000000.00,2900000000000.00,2450000000000.00,2680000000000.00,3030000000000.00,2660000000000.00,2830000000000.00
United States,USA,543000000000.00,686000000000.00,943000000000.00,1280000000000.00,1870000000000.00,2860000000000.00,4040000000000.00,5240000000000.00,6520000000000.00,7290000000000.00,8070000000000.00,9060000000000.00,10300000000000.00,10900000000000.00,12200000000000.00,13800000000000.00,14700000000000.00,15000000000000.00,16200000000000.00,17500000000000.00,18700000000000.00,20500000000000.00
Uruguay,URY,1242289239.00,1975701816.00,1593675330.00,2189418001.00,3667161241.00,10163020116.00,4850241442.00,8213515459.00,12878199881.00,17474647792.00,20515543039.00,25385928198.00,22823255802.00,13606494599.00,13686329890.00,19579457966.00,30366213119.00,40284481652.00,51264390116.00,57236013086.00,52687612262.00,59596885024.00
Uzbekistan,UZB,..,..,..,..,..,..,..,..,12941297376.00,12899156991.00,13948892216.00,14988971211.00,13760513969.00,9687788513.00,12030023548.00,17330833853.00,29549438884.00,39332770929.00,51821573338.00,76658542757.00,81779019096.00,50499920318.00
Vanuatu,VUT,..,..,..,..,..,113423181.30,135553764.00,148545381.40,196142585.00,219260341.10,245177633.20,262301252.80,272014693.10,262603781.80,364996869.10,439376794.10,607958616.10,700804286.20,781702874.10,814954307.00,787942567.40,887817896.30
"Venezuela, RB",VEN,7779090909.00,8099318182.00,10034444444.00,13977727273.00,31419534884.00,59116511628.00,60010285714.00,60226413793.00,60401798246.00,58418666667.00,70543211119.00,91331203433.00,117000000000.00,92893587734.00,112000000000.00,183000000000.00,316000000000.00,393000000000.00,381000000000.00,482000000000.00,..,..
Vietnam,VNM,..,..,..,..,..,..,..,25423812649.00,9866990236.00,16286433533.00,24657470575.00,27209602050.00,31172518403.00,35064105501.00,45427854693.00,66371664817.00,99130304099.00,116000000000.00,156000000000.00,186000000000.00,205000000000.00,245000000000.00
Virgin Islands (U.S.),VIR,..,..,..,..,..,..,..,..,..,..,..,..,..,3269000000.00,3799000000.00,4504000000.00,4250000000.00,4339000000.00,4095000000.00,3622000000.00,3863000000.00,..
West Bank and Gaza,PSE,..,..,..,..,..,..,..,..,..,2843300000.00,3409600000.00,4067800000.00,4313600000.00,3555800000.00,4329200000.00,4910100000.00,6673500000.00,8913100000.00,11279400000.00,12715600000.00,13425700000.00,14615900000.00
"Yemen, Rep.",YEM,..,..,..,..,..,..,..,..,6463649985.00,4167356037.00,5785685311.00,6325141676.00,9652436180.00,10694628092.00,13872791659.00,19061978586.00,26910851362.00,30906749533.00,35401339869.00,43228585321.00,30968242968.00,26914402224.00
Zambia,ZMB,713000000.00,839428571.40,1605857143.00,1910714286.00,2746714286.00,3829500000.00,2739444444.00,3713614458.00,3181921788.00,3656647744.00,3597220962.00,3537683046.00,3600683040.00,4193845678.00,6221077675.00,12756858899.00,17910858638.00,20265556274.00,25503370699.00,27150630607.00,20954754378.00,26720073436.00
Zimbabwe,ZWE,1052990400.00,1217138000.00,1479599900.00,2677729400.00,4318372000.00,6678868200.00,6352125900.00,7814784100.00,6751472200.00,6890675000.00,8553146600.00,6401968200.00,6689957600.00,6342116400.00,5805598400.00,5443896500.00,4415702800.00,12041655200.00,17114849900.00,19495519600.00,20548678100.00,31000519447.00
Arab World,ARB,..,..,25602754731.00,43793898646.00,145000000000.00,337000000000.00,311000000000.00,308000000000.00,472000000000.00,488000000000.00,578000000000.00,592000000000.00,735000000000.00,729000000000.00,964000000000.00,1400000000000.00,2080000000000.00,2110000000000.00,2790000000000.00,2910000000000.00,2510000000000.00,2780000000000.00
Caribbean small states,CSS,1875461583.00,2463899991.00,3075645925.00,4627346329.00,7911686087.00,13327466848.00,15758758859.00,16142747240.00,17493258387.00,19905802821.00,24020648568.00,30069769929.00,34177854580.00,36957890214.00,43222083525.00,54566092910.00,69106766833.00,63286770719.00,70778783661.00,72804605848.00,67183921136.00,72930271173.00
Central Europe and the Baltics,CEB,..,..,..,..,..,..,..,..,259000000000.00,309000000000.00,415000000000.00,448000000000.00,428000000000.00,527000000000.00,762000000000.00,1000000000000.00,1530000000000.00,1310000000000.00,1350000000000.00,1460000000000.00,1320000000000.00,1630000000000.00
Early-demographic dividend,EAR,153000000000.00,193000000000.00,235000000000.00,331000000000.00,694000000000.00,1300000000000.00,1390000000000.00,1550000000000.00,2110000000000.00,2430000000000.00,2720000000000.00,2870000000000.00,3300000000000.00,3170000000000.00,4090000000000.00,5470000000000.00,7310000000000.00,8550000000000.00,10000000000000.00,10600000000000.00,10500000000000.00,11600000000000.00
East Asia & Pacific,EAS,153000000000.00,202000000000.00,300000000000.00,562000000000.00,1030000000000.00,1810000000000.00,2230000000000.00,4350000000000.00,5840000000000.00,7300000000000.00,7990000000000.00,6860000000000.00,8280000000000.00,7830000000000.00,9650000000000.00,10900000000000.00,14100000000000.00,16900000000000.00,21000000000000.00,21900000000000.00,22400000000000.00,25900000000000.00
East Asia & Pacific (excluding high income),EAP,80254556955.00,81049248648.00,101000000000.00,155000000000.00,251000000000.00,375000000000.00,478000000000.00,572000000000.00,806000000000.00,1060000000000.00,1510000000000.00,1430000000000.00,1740000000000.00,2040000000000.00,2680000000000.00,3740000000000.00,5990000000000.00,7870000000000.00,10700000000000.00,12700000000000.00,13500000000000.00,16300000000000.00
East Asia & Pacific (IDA & IBRD countries),TEA,80089044323.00,80882097088.00,101000000000.00,154000000000.00,250000000000.00,374000000000.00,477000000000.00,571000000000.00,805000000000.00,1060000000000.00,1510000000000.00,1430000000000.00,1730000000000.00,2040000000000.00,2680000000000.00,3730000000000.00,5980000000000.00,7850000000000.00,10700000000000.00,12700000000000.00,13400000000000.00,16200000000000.00
Euro area,EMU,245000000000.00,374000000000.00,518000000000.00,879000000000.00,1570000000000.00,2960000000000.00,2330000000000.00,4570000000000.00,6730000000000.00,6510000000000.00,7610000000000.00,7150000000000.00,6480000000000.00,7170000000000.00,10200000000000.00,11200000000000.00,14100000000000.00,12700000000000.00,12700000000000.00,13500000000000.00,12000000000000.00,13700000000000.00
Europe & Central Asia,ECS,435000000000.00,618000000000.00,820000000000.00,1370000000000.00,2400000000000.00,4590000000000.00,3670000000000.00,7130000000000.00,9770000000000.00,9400000000000.00,11100000000000.00,10800000000000.00,10000000000000.00,11100000000000.00,15700000000000.00,18100000000000.00,23300000000000.00,20900000000000.00,22400000000000.00,23700000000000.00,20400000000000.00,23000000000000.00
Europe & Central Asia (excluding high income),ECA,..,..,..,..,..,..,..,904000000000.00,829000000000.00,707000000000.00,766000000000.00,747000000000.00,698000000000.00,793000000000.00,1320000000000.00,2060000000000.00,3310000000000.00,3100000000000.00,4060000000000.00,4040000000000.00,2960000000000.00,3390000000000.00
Europe & Central Asia (IDA & IBRD countries),TEC,..,..,..,..,..,..,..,989000000000.00,944000000000.00,837000000000.00,950000000000.00,946000000000.00,892000000000.00,1020000000000.00,1620000000000.00,2460000000000.00,3920000000000.00,3640000000000.00,4610000000000.00,4640000000000.00,3480000000000.00,4040000000000.00
European Union,EUU,359000000000.00,521000000000.00,687000000000.00,1160000000000.00,2000000000000.00,3860000000000.00,3060000000000.00,5990000000000.00,8560000000000.00,8290000000000.00,9840000000000.00,9610000000000.00,8910000000000.00,9830000000000.00,13800000000000.00,15400000000000.00,19200000000000.00,17000000000000.00,17300000000000.00,18700000000000.00,16600000000000.00,18700000000000.00
Fragile and conflict affected situations,FCS,..,..,..,..,..,..,..,..,..,..,..,..,220000000000.00,194000000000.00,256000000000.00,367000000000.00,584000000000.00,650000000000.00,817000000000.00,859000000000.00,743000000000.00,832000000000.00
Heavily indebted poor countries (HIPC),HPC,17385808171.00,20911397871.00,27580651253.00,37564566989.00,67435775046.00,108000000000.00,102000000000.00,135000000000.00,127000000000.00,116000000000.00,137000000000.00,151000000000.00,162000000000.00,166000000000.00,218000000000.00,295000000000.00,426000000000.00,474000000000.00,570000000000.00,673000000000.00,677000000000.00,726000000000.00
High income,HIC,1060000000000.00,1420000000000.00,1970000000000.00,3060000000000.00,5090000000000.00,8920000000000.00,9660000000000.00,16100000000000.00,21500000000000.00,23300000000000.00,26100000000000.00,25700000000000.00,27600000000000.00,28500000000000.00,35500000000000.00,39700000000000.00,46100000000000.00,45400000000000.00,49000000000000.00,50700000000000.00,48800000000000.00,54100000000000.00
IBRD only,IBD,303000000000.00,365000000000.00,448000000000.00,668000000000.00,1280000000000.00,2200000000000.00,2400000000000.00,2930000000000.00,3710000000000.00,4350000000000.00,5340000000000.00,5500000000000.00,5800000000000.00,5980000000000.00,8010000000000.00,11400000000000.00,17000000000000.00,20000000000000.00,25100000000000.00,27400000000000.00,26000000000000.00,30500000000000.00
IDA & IBRD total,IBT,340000000000.00,413000000000.00,510000000000.00,753000000000.00,1440000000000.00,2480000000000.00,2700000000000.00,3250000000000.00,4050000000000.00,4660000000000.00,5730000000000.00,5910000000000.00,6260000000000.00,6470000000000.00,8660000000000.00,12300000000000.00,18300000000000.00,21500000000000.00,26900000000000.00,29500000000000.00,28000000000000.00,32700000000000.00
IDA blend,IDB,12276346525.00,16205156535.00,20467426308.00,33268313200.00,71834819291.00,129000000000.00,149000000000.00,143000000000.00,150000000000.00,137000000000.00,175000000000.00,176000000000.00,201000000000.00,223000000000.00,306000000000.00,474000000000.00,652000000000.00,711000000000.00,904000000000.00,1080000000000.00,950000000000.00,991000000000.00
IDA only,IDX,26836510944.00,32702166524.00,43599238283.00,53451876099.00,95098341306.00,153000000000.00,149000000000.00,185000000000.00,185000000000.00,172000000000.00,214000000000.00,234000000000.00,258000000000.00,267000000000.00,340000000000.00,444000000000.00,642000000000.00,749000000000.00,886000000000.00,1060000000000.00,1100000000000.00,1220000000000.00
IDA total,IDA,38132987315.00,47849269159.00,62529748960.00,85664902232.00,166000000000.00,282000000000.00,302000000000.00,329000000000.00,336000000000.00,310000000000.00,391000000000.00,411000000000.00,460000000000.00,491000000000.00,649000000000.00,924000000000.00,1300000000000.00,1470000000000.00,1800000000000.00,2150000000000.00,2050000000000.00,2210000000000.00
Late-demographic dividend,LTE,183000000000.00,212000000000.00,271000000000.00,439000000000.00,788000000000.00,1290000000000.00,1360000000000.00,1800000000000.00,2090000000000.00,2470000000000.00,3330000000000.00,3350000000000.00,3400000000000.00,3720000000000.00,5100000000000.00,7440000000000.00,11700000000000.00,13500000000000.00,17600000000000.00,19700000000000.00,18400000000000.00,22200000000000.00
Latin America & Caribbean,LCN,81565903442.00,111000000000.00,144000000000.00,220000000000.00,435000000000.00,780000000000.00,746000000000.00,922000000000.00,1370000000000.00,1800000000000.00,2080000000000.00,2300000000000.00,2290000000000.00,2010000000000.00,2360000000000.00,3350000000000.00,4590000000000.00,5350000000000.00,6140000000000.00,6420000000000.00,5390000000000.00,5790000000000.00
Latin America & Caribbean (excluding high income),LAC,73151522198.00,98265109427.00,128000000000.00,195000000000.00,404000000000.00,710000000000.00,683000000000.00,842000000000.00,1250000000000.00,1660000000000.00,1900000000000.00,2100000000000.00,2080000000000.00,1810000000000.00,2120000000000.00,3020000000000.00,4200000000000.00,4900000000000.00,5620000000000.00,5880000000000.00,4860000000000.00,5190000000000.00
Latin America & the Caribbean (IDA & IBRD countries),TLA,76702300593.00,104000000000.00,134000000000.00,204000000000.00,410000000000.00,740000000000.00,697000000000.00,860000000000.00,1300000000000.00,1720000000000.00,1990000000000.00,2200000000000.00,2170000000000.00,1880000000000.00,2220000000000.00,3180000000000.00,4400000000000.00,5150000000000.00,5940000000000.00,6200000000000.00,5150000000000.00,5560000000000.00
Least developed countries: UN classification,LDC,..,..,..,..,..,116000000000.00,110000000000.00,151000000000.00,148000000000.00,137000000000.00,172000000000.00,186000000000.00,213000000000.00,220000000000.00,287000000000.00,395000000000.00,587000000000.00,673000000000.00,825000000000.00,970000000000.00,960000000000.00,1050000000000.00
Low & middle income,LMY,330000000000.00,398000000000.00,493000000000.00,728000000000.00,1410000000000.00,2400000000000.00,2630000000000.00,3170000000000.00,3890000000000.00,4470000000000.00,5470000000000.00,5620000000000.00,5990000000000.00,6180000000000.00,8270000000000.00,11700000000000.00,17500000000000.00,20700000000000.00,26100000000000.00,28700000000000.00,27300000000000.00,31700000000000.00
Low income,LIC,..,..,..,..,..,..,..,95698962992.00,96647876654.00,78500474578.00,102000000000.00,114000000000.00,138000000000.00,138000000000.00,172000000000.00,222000000000.00,327000000000.00,368000000000.00,445000000000.00,524000000000.00,494000000000.00,572000000000.00
Lower middle income,LMC,..,..,136000000000.00,185000000000.00,337000000000.00,611000000000.00,681000000000.00,841000000000.00,905000000000.00,991000000000.00,1220000000000.00,1130000000000.00,1290000000000.00,1410000000000.00,1860000000000.00,2590000000000.00,3560000000000.00,4460000000000.00,5290000000000.00,5830000000000.00,6020000000000.00,6710000000000.00
Middle East & North Africa,MEA,..,..,32442601216.00,58546681973.00,194000000000.00,401000000000.00,429000000000.00,408000000000.00,604000000000.00,634000000000.00,802000000000.00,809000000000.00,967000000000.00,967000000000.00,1270000000000.00,1790000000000.00,2650000000000.00,2770000000000.00,3580000000000.00,3570000000000.00,3150000000000.00,3620000000000.00
Middle East & North Africa (excluding high income),MNA,..,..,..,..,..,..,..,..,..,299000000000.00,395000000000.00,412000000000.00,452000000000.00,454000000000.00,593000000000.00,812000000000.00,1240000000000.00,1380000000000.00,1730000000000.00,1600000000000.00,1450000000000.00,..
Middle East & North Africa (IDA & IBRD countries),TMN,..,..,..,..,..,..,..,..,..,296000000000.00,392000000000.00,408000000000.00,447000000000.00,450000000000.00,589000000000.00,807000000000.00,1230000000000.00,1370000000000.00,1720000000000.00,1590000000000.00,1440000000000.00,..
Middle income,MIC,317000000000.00,382000000000.00,472000000000.00,699000000000.00,1360000000000.00,2320000000000.00,2550000000000.00,3080000000000.00,3790000000000.00,4390000000000.00,5370000000000.00,5510000000000.00,5850000000000.00,6050000000000.00,8100000000000.00,11500000000000.00,17100000000000.00,20300000000000.00,25600000000000.00,28100000000000.00,26800000000000.00,31100000000000.00
North America,NAC,584000000000.00,735000000000.00,1010000000000.00,1390000000000.00,2080000000000.00,3130000000000.00,4390000000000.00,5750000000000.00,7110000000000.00,7870000000000.00,8700000000000.00,9700000000000.00,11000000000000.00,11700000000000.00,13200000000000.00,15100000000000.00,16300000000000.00,16600000000000.00,18000000000000.00,19300000000000.00,20200000000000.00,22200000000000.00
Not classified,INX,..,..,..,..,..,..,..,..,..,..,..,..,..,..,..,..,..,..,..,..,..,..
OECD members,OED,1070000000000.00,1430000000000.00,1980000000000.00,3070000000000.00,5050000000000.00,8780000000000.00,9520000000000.00,15900000000000.00,21300000000000.00,23100000000000.00,25600000000000.00,25500000000000.00,27400000000000.00,28300000000000.00,35300000000000.00,39300000000000.00,45600000000000.00,44700000000000.00,48000000000000.00,49600000000000.00,47800000000000.00,52600000000000.00
Other small states,OSS,..,..,..,..,16794063120.00,37618386316.00,34033450435.00,43675781638.00,61468818161.00,61128669347.00,73829456338.00,75258435009.00,91704697250.00,98342776279.00,152000000000.00,217000000000.00,326000000000.00,325000000000.00,421000000000.00,449000000000.00,366000000000.00,452000000000.00
Pacific island small states,PSS,..,..,..,..,1134402783.00,1924780552.00,2035177403.00,2152808179.00,2831256753.00,3457409495.00,3999190665.00,3409647153.00,3444110965.00,3545570346.00,4792905779.00,5538564572.00,6556133688.00,6416533301.00,8148861957.00,9174063771.00,9280440562.00,10302802236.00
Post-demographic dividend,PST,1040000000000.00,1400000000000.00,1930000000000.00,3000000000000.00,4930000000000.00,8530000000000.00,9320000000000.00,15700000000000.00,20800000000000.00,22400000000000.00,25000000000000.00,24600000000000.00,26300000000000.00,27100000000000.00,33800000000000.00,37500000000000.00,43200000000000.00,42500000000000.00,45500000000000.00,46900000000000.00,45400000000000.00,50000000000000.00
Pre-demographic dividend,PRE,11098746292.00,13600286185.00,16744504725.00,26370211654.00,61878977427.00,118000000000.00,112000000000.00,126000000000.00,176000000000.00,146000000000.00,191000000000.00,208000000000.00,241000000000.00,283000000000.00,394000000000.00,624000000000.00,951000000000.00,1010000000000.00,1310000000000.00,1530000000000.00,1220000000000.00,1310000000000.00
Small states,SST,..,..,..,10475340827.00,26348644434.00,52895272922.00,52170336461.00,62044474487.00,81487702935.00,84375394999.00,102000000000.00,109000000000.00,129000000000.00,139000000000.00,200000000000.00,277000000000.00,402000000000.00,394000000000.00,500000000000.00,531000000000.00,443000000000.00,536000000000.00
South Asia,SAS,47133391310.00,69112222702.00,72094598961.00,91584316045.00,133000000000.00,236000000000.00,273000000000.00,375000000000.00,385000000000.00,432000000000.00,525000000000.00,558000000000.00,622000000000.00,670000000000.00,907000000000.00,1200000000000.00,1530000000000.00,2060000000000.00,2300000000000.00,2580000000000.00,2920000000000.00,3460000000000.00
South Asia (IDA & IBRD),TSA,47133391310.00,69112222702.00,72094598961.00,91584316045.00,133000000000.00,236000000000.00,273000000000.00,375000000000.00,385000000000.00,432000000000.00,525000000000.00,558000000000.00,622000000000.00,670000000000.00,907000000000.00,1200000000000.00,1530000000000.00,2060000000000.00,2300000000000.00,2580000000000.00,2920000000000.00,3460000000000.00
Sub-Saharan Africa,SSF,29804713532.00,37544989970.00,47690187184.00,73717323157.00,148000000000.00,272000000000.00,277000000000.00,326000000000.00,338000000000.00,311000000000.00,368000000000.00,369000000000.00,397000000000.00,412000000000.00,644000000000.00,909000000000.00,1210000000000.00,1370000000000.00,1640000000000.00,1830000000000.00,1550000000000.00,1700000000000.00
Sub-Saharan Africa (excluding high income),SSA,29793497231.00,37530564971.00,47675789077.00,73688566937.00,147000000000.00,272000000000.00,277000000000.00,326000000000.00,338000000000.00,310000000000.00,367000000000.00,368000000000.00,396000000000.00,412000000000.00,643000000000.00,908000000000.00,1210000000000.00,1370000000000.00,1630000000000.00,1830000000000.00,1540000000000.00,1700000000000.00
Sub-Saharan Africa (IDA & IBRD countries),TSS,29804713532.00,37544989970.00,47690187184.00,73717323157.00,148000000000.00,272000000000.00,277000000000.00,326000000000.00,338000000000.00,311000000000.00,368000000000.00,369000000000.00,397000000000.00,412000000000.00,644000000000.00,909000000000.00,1210000000000.00,1370000000000.00,1640000000000.00,1830000000000.00,1550000000000.00,1700000000000.00
Upper middle income,UMC,228000000000.00,258000000000.00,336000000000.00,515000000000.00,1020000000000.00,1710000000000.00,1870000000000.00,2240000000000.00,2890000000000.00,3400000000000.00,4150000000000.00,4380000000000.00,4560000000000.00,4630000000000.00,6240000000000.00,8930000000000.00,13600000000000.00,15900000000000.00,20300000000000.00,22300000000000.00,20700000000000.00,24400000000000.00
World,WLD,1370000000000.00,1800000000000.00,2440000000000.00,3780000000000.00,6430000000000.00,11200000000000.00,12200000000000.00,19200000000000.00,25400000000000.00,27800000000000.00,31500000000000.00,31400000000000.00,33600000000000.00,34700000000000.00,43800000000000.00,51400000000000.00,63600000000000.00,66000000000000.00,75000000000000.00,79300000000000.00,76100000000000.00,85800000000000.00
